title,link
Product Manager - WMS,https://www.net-empregos.com/14752888/product-manager-wms/
IT Business Analyst,https://www.net-empregos.com/14770167/it-business-analyst/
Técnico / Programador KNX - Algarve,https://www.net-empregos.com/14769310/tecnico-programador-knx-algarve/
Programador/a Backend PHP,https://www.net-empregos.com/14754972/programador-a-backend-php/
.NET Developer (m/f) - Remote,https://www.net-empregos.com/14710257/-net-developer-m-f-remote/
Project Manager,https://www.net-empregos.com/14720958/project-manager/
Full Stack Developer - Nível QNQ 6,https://www.net-empregos.com/14795876/full-stack-developer-nivel-qnq-6/
"Consultor Sénior de Governance, Risk & Compliance",https://www.net-empregos.com/14769765/-consultor-senior-de-governance-risk-compliance/
Programador .Net - Inoweiser - Tech For a Better Future,https://www.net-empregos.com/14793077/programador-net-inoweiser-tech-for-a-better-future/
"Especialista em Automação de Processos (n8n / Zapier/Make, etc)",https://www.net-empregos.com/14785870/especialista-em-automacao-de-processos-n8n-zapier-make-etc/
QA Analyst (Hybrid) - Ciberbit (Porto/Coimbra),https://www.net-empregos.com/14791431/qa-analyst-hybrid-ciberbit-porto-coimbra/
.Net Developer,https://www.net-empregos.com/14458124/-net-developer/
Head of Mobile,https://www.net-empregos.com/14720287/head-of-mobile/
Programador JAVA (M/F),https://www.net-empregos.com/14563908/programador-java-m-f/
Full Stack Developer,https://www.net-empregos.com/14080931/full-stack-developer/
Product Manager - Quality,https://www.net-empregos.com/14752880/product-manager-quality/
Tecnico CAD-CAM (Mobiliario),https://www.net-empregos.com/14776362/tecnico-cad-cam-mobiliario/
Técnico de Inteligência Artificial e Automação (M/F),https://www.net-empregos.com/14660639/tecnico-de-inteligencia-artificial-e-automacao-m-f/
2,https://www.net-empregos.com/pesquisa-empregos.asp?page=2&categoria=5&zona=0&tipo=0
3,https://www.net-empregos.com/pesquisa-empregos.asp?page=3&categoria=5&zona=0&tipo=0
4,https://www.net-empregos.com/pesquisa-empregos.asp?page=4&categoria=5&zona=0&tipo=0
67,https://www.net-empregos.com/pesquisa-empregos.asp?page=67&categoria=5&zona=0&tipo=0
